{
  "PFO": {
    "params": {
      "qe (mg/g)": 10.038239188505196,
      "k1 (1/min)": 0.24309150395584472
    },
    "std_err": {
      "qe (mg/g)": 0.20666264714014276,
      "k1 (1/min)": 0.027643507379731518
    },
    "R2": 0.9294945127807923,
    "AIC": -10.842296055826464
  },
  "PSO": {
    "params": {
      "qe (mg/g)": 10.804094822868787,
      "k2 (g/(mg\u00b7min))": 0.034556270298865134
    },
    "std_err": {
      "qe (mg/g)": 0.017087036115758007,
      "k2 (g/(mg\u00b7min))": 0.000389383141666592
    },
    "R2": 0.9997269115156636,
    "AIC": -66.37879561998027
  },
  "Elovich": {
    "params": {
      "\u03b1 (mg/(g\u00b7min))": 44.95057326331564,
      "\u03b2 (g/mg)": 0.7278688274871717
    },
    "std_err": {
      "\u03b1 (mg/(g\u00b7min))": 32.154578913502455,
      "\u03b2 (g/mg)": 0.09080006256358471
    },
    "R2": 0.8939572861287235,
    "AIC": -6.760781712752422
  },
  "IPD": {
    "params": {
      "kid (mg/(g\u00b7min^0.5))": 0.4917430144097394,
      "C (mg/g)": 6.309333397030816
    },
    "std_err": {
      "kid (mg/(g\u00b7min^0.5))": 0.12293453031813528,
      "C (mg/g)": 0.774585102332945
    },
    "R2": 0.6666710911587432,
    "AIC": 4.6920957147761655
  },
  "best_model": "PSO",
  "equilibrium_time_min": 45.0,
  "qe_experimental_mg_g": 10.574999999999998,
  "pso_initial_rate_h": 4.033700386091463
}