{
  "Langmuir": {
    "params": {
      "qm (mg/g)": 34.42949827510947,
      "KL (L/mg)": 0.2314482997628032
    },
    "std_err": {
      "qm (mg/g)": 0.22670873315194529,
      "KL (L/mg)": 0.006588247226126035
    },
    "R2": 0.9989932263960849,
    "AIC": -21.723667126652
  },
  "Freundlich": {
    "params": {
      "KF ((mg/g)(L/mg)^1/n)": 11.077056937812227,
      "1/n": 0.2717287630401964
    },
    "std_err": {
      "KF ((mg/g)(L/mg)^1/n)": 1.467041632829512,
      "1/n": 0.03779912340742547
    },
    "R2": 0.8990330634057528,
    "AIC": 28.96479857663652
  },
  "Temkin": {
    "params": {
      "B1 (J/mol)": 6.165543563964949,
      "KT (L/mg)": 3.7226327075666017
    },
    "std_err": {
      "B1 (J/mol)": 0.29068446213049903,
      "KT (L/mg)": 0.6893872197884601
    },
    "R2": 0.9803871367625719,
    "AIC": 10.940116470476955
  },
  "Sips": {
    "params": {
      "qm (mg/g)": 34.782642831759325,
      "Ks (L/mg)": 0.22597953538001123,
      "ns": 0.9675653567243552
    },
    "std_err": {
      "qm (mg/g)": 0.3934903361224403,
      "Ks (L/mg)": 0.008145815991466852,
      "ns": 0.02814051201189027
    },
    "R2": 0.9991338262950221,
    "AIC": -21.378293435701725
  },
  "best_model": "Langmuir"
}