Concentration,Absorbance
10,0.021992
25,0.076970
50,0.215248
75,0.410170
100,0.636746
150,1.054912
200,1.543050
250,2.097828
300,2.707584
400,3.752166
