Time,Absorbance
0,1.668000
5,1.376450
10,1.138212
15,0.948288
20,0.806678
30,0.626750
45,0.475144
60,0.370186
90,0.280222
120,0.238572
180,0.215248
240,0.205252
360,0.200254
480,0.198588
720,0.196922
960,0.195256
