T (°C),T (K),qm (mg/g),KL (L/mg),R²
25,298.15,248.2,0.025424,0.99938
35,308.15,302.02,0.035591,0.99992
45,318.15,345.85,0.047194,0.99993
55,328.15,382.4,0.064973,0.99994
