{
  "langmuir_per_temperature": {
    "25": {
      "qm": 248.20392165698857,
      "KL": 0.025423712256241914,
      "R2": 0.9993794510349157
    },
    "35": {
      "qm": 302.0227706952944,
      "KL": 0.0355907587161329,
      "R2": 0.99992419810435
    },
    "45": {
      "qm": 345.84831390683524,
      "KL": 0.047194199453084285,
      "R2": 0.999927870021096
    },
    "55": {
      "qm": 382.40445920096226,
      "KL": 0.06497299942431078,
      "R2": 0.9999385755130173
    }
  },
  "vant_hoff": {
    "slope_K": -5094.628845118131,
    "intercept": 18.631428431942897,
    "R2": 0.9981397661921786
  },
  "thermodynamics": {
    "delta_H_kJ_mol": 42.35674421831214,
    "delta_S_J_mol_K": 154.90169598317325,
    "delta_G_kJ_mol": {
      "25": -3.82719643907096,
      "35": -5.376213398902699,
      "45": -6.9252303587344315,
      "55": -8.474247318566157
    },
    "mechanism": "mixed (physi-/chemisorption)"
  }
}